Algorithm,N_Clusters,Davies-Bouldin,Calinski-Harabasz
K-Means,5,1.3151348618033514,124281.70813427049
Hierarchical,5,2.829841734524193,2473.06502454056
DBSCAN,1,,
GMM,5,3.3221963077026566,4538.6712091660465
